{
  "accuracy": 0.9936507936507937,
  "precision": 0.9938743116294136,
  "recall": 0.9936507936507937,
  "f1_score": 0.9936948469566351,
  "auc": 0.9998401657791706,
  "classification_report": {
    "0": {
      "precision": 1.0,
      "recall": 1.0,
      "f1-score": 1.0,
      "support": 3.0
    },
    "1": {
      "precision": 0.9795918367346939,
      "recall": 1.0,
      "f1-score": 0.9896907216494846,
      "support": 48.0
    },
    "2": {
      "precision": 0.95,
      "recall": 1.0,
      "f1-score": 0.9743589743589743,
      "support": 19.0
    },
    "3": {
      "precision": 1.0,
      "recall": 0.9918367346938776,
      "f1-score": 0.9959016393442623,
      "support": 245.0
    },
    "accuracy": 0.9936507936507937,
    "macro avg": {
      "precision": 0.9823979591836735,
      "recall": 0.9979591836734694,
      "f1-score": 0.9899878338381803,
      "support": 315.0
    },
    "weighted avg": {
      "precision": 0.9938743116294136,
      "recall": 0.9936507936507937,
      "f1-score": 0.9936948469566351,
      "support": 315.0
    }
  },
  "predictions": [
    3,
    3,
    3,
    3,
    3,
    1,
    3,
    3,
    3,
    3,
    3,
    3,
    3,
    2,
    3,
    3,
    2,
    3,
    3,
    2,
    3,
    3,
    3,
    3,
    1,
    3,
    3,
    3,
    3,
    3,
    3,
    3,
    1,
    3,
    3,
    3,
    3,
    1,
    3,
    1,
    1,
    1,
    3,
    3,
    3,
    3,
    3,
    3,
    3,
    3,
    1,
    1,
    1,
    3,
    3,
    3,
    0,
    3,
    3,
    3,
    3,
    1,
    3,
    3,
    3,
    1,
    3,
    3,
    3,
    3,
    3,
    3,
    3,
    3,
    3,
    3,
    1,
    3,
    3,
    3,
    3,
    1,
    1,
    3,
    3,
    1,
    1,
    3,
    1,
    3,
    3,
    3,
    3,
    3,
    3,
    3,
    2,
    3,
    3,
    3,
    1,
    2,
    3,
    3,
    2,
    3,
    1,
    3,
    1,
    3,
    3,
    3,
    3,
    3,
    3,
    3,
    3,
    3,
    0,
    3,
    3,
    3,
    3,
    3,
    2,
    3,
    3,
    3,
    3,
    3,
    1,
    2,
    3,
    3,
    3,
    3,
    1,
    3,
    3,
    3,
    3,
    1,
    1,
    1,
    2,
    3,
    3,
    3,
    1,
    3,
    3,
    3,
    3,
    3,
    3,
    1,
    3,
    1,
    1,
    3,
    3,
    3,
    1,
    3,
    3,
    3,
    3,
    0,
    2,
    3,
    3,
    3,
    3,
    3,
    3,
    3,
    3,
    2,
    2,
    2,
    3,
    2,
    3,
    3,
    2,
    3,
    3,
    3,
    3,
    3,
    3,
    3,
    2,
    1,
    3,
    3,
    3,
    3,
    3,
    3,
    1,
    1,
    3,
    3,
    3,
    3,
    1,
    3,
    3,
    3,
    1,
    3,
    3,
    3,
    3,
    3,
    3,
    3,
    3,
    3,
    3,
    3,
    1,
    3,
    3,
    1,
    3,
    1,
    3,
    3,
    1,
    3,
    3,
    3,
    3,
    3,
    1,
    3,
    3,
    3,
    3,
    2,
    3,
    3,
    2,
    3,
    3,
    3,
    3,
    3,
    1,
    3,
    3,
    3,
    3,
    3,
    1,
    3,
    3,
    3,
    2,
    3,
    3,
    3,
    3,
    3,
    3,
    3,
    1,
    3,
    3,
    3,
    3,
    3,
    3,
    3,
    3,
    3,
    3,
    3,
    3,
    1,
    3,
    3,
    3,
    3,
    3,
    1,
    3,
    3,
    3,
    3,
    3,
    3,
    2,
    3,
    3,
    3,
    3,
    3,
    3,
    3,
    1,
    3,
    3,
    1,
    3,
    3,
    3,
    3,
    3,
    3,
    3,
    1,
    3
  ]
}